Data,Otwarcie,Najwyzszy,Najnizszy,Zamkniecie
2016-01-04,0.0402181,0.0405088,0.0399025,0.0400871
2016-01-05,0.0400758,0.0401031,0.0396405,0.0397947
2016-01-06,0.0398054,0.0399423,0.039674,0.0398858
2016-01-07,0.0398702,0.0404588,0.0398471,0.0404143
2016-01-08,0.0403897,0.0404116,0.0400165,0.0404088
2016-01-11,0.0405351,0.0406207,0.0401558,0.0401836
2016-01-12,0.0401999,0.0403356,0.040055,0.0401818
2016-01-13,0.0401384,0.0402893,0.039989,0.0402416
2016-01-14,0.0402693,0.0404875,0.0401149,0.0402073
2016-01-15,0.0401992,0.040639,0.0401732,0.0403902
2016-01-18,0.040391,0.0404351,0.0402219,0.0403002
2016-01-19,0.0402802,0.0404613,0.0401795,0.0403535
2016-01-20,0.0403683,0.0405986,0.0402312,0.0402799
2016-01-21,0.040263,0.0403812,0.0398854,0.0402151
2016-01-22,0.0401986,0.0402178,0.0399326,0.0399511
2016-01-25,0.039945,0.0401782,0.0399299,0.0401545
2016-01-26,0.0401539,0.0402374,0.0400434,0.0402202
2016-01-27,0.0402126,0.0403833,0.0401592,0.0403106
2016-01-28,0.0403486,0.04058,0.040227,0.0404893
2016-01-29,0.0404791,0.0405098,0.0400099,0.0400895
2016-02-01,0.0400749,0.0403713,0.0400202,0.0403023
2016-02-02,0.0403011,0.0404786,0.0402906,0.0403933
2016-02-03,0.0404282,0.041216,0.0403528,0.0411144
2016-02-04,0.0410086,0.0415614,0.0409697,0.0414914
2016-02-05,0.0414497,0.0415046,0.04109,0.0412008
2016-02-08,0.0411602,0.041429,0.0409724,0.0413608
2016-02-09,0.0413856,0.0419447,0.0412773,0.0417793
2016-02-10,0.0417735,0.0418531,0.0413052,0.0417765
2016-02-11,0.0417119,0.0420711,0.0416847,0.0418846
2016-02-12,0.0418538,0.0419097,0.0414778,0.0416091
2016-02-15,0.0415403,0.0415603,0.0411806,0.0412822
2016-02-16,0.0413099,0.0413933,0.0411707,0.0412424
2016-02-17,0.0412218,0.0413546,0.0411049,0.0411701
2016-02-18,0.0411726,0.04125,0.0409791,0.0410973
2016-02-19,0.0411135,0.0412148,0.0409633,0.0411879
2016-02-22,0.0411347,0.0411643,0.0406868,0.0407533
2016-02-23,0.040743,0.0408881,0.0406405,0.0407682
2016-02-24,0.0407732,0.0408308,0.0405278,0.0407067
2016-02-25,0.0407267,0.0408355,0.0406098,0.0407324
2016-02-26,0.0407403,0.040907,0.0403794,0.040458
2016-02-29,0.0403851,0.0405398,0.0401332,0.0401784
2016-03-01,0.0402185,0.0402487,0.0400753,0.0401997
2016-03-02,0.0401966,0.0402419,0.040032,0.0401663
2016-03-03,0.0401635,0.0405448,0.0401192,0.0405096
2016-03-04,0.0404842,0.0407952,0.0403301,0.0406562
2016-03-07,0.0406273,0.0407385,0.0404415,0.0406941
2016-03-08,0.0407058,0.0408824,0.0406583,0.0407088
2016-03-09,0.040699,0.0407859,0.0404765,0.0406613
2016-03-10,0.0406469,0.0414338,0.0400519,0.0413174
2016-03-11,0.0412983,0.0414132,0.0409554,0.0412198
2016-03-14,0.0412698,0.0412943,0.0409727,0.0410504
2016-03-15,0.0410642,0.0411205,0.0409564,0.0410806
2016-03-16,0.0410802,0.0415363,0.0408938,0.0414405
2016-03-17,0.0414446,0.041928,0.0414135,0.0418344
2016-03-18,0.0418519,0.0419275,0.0416448,0.0417051
2016-03-21,0.0416992,0.0417451,0.0415678,0.0415856
2016-03-22,0.0415894,0.0416594,0.0414063,0.0414847
2016-03-23,0.0414915,0.0415141,0.0412705,0.0413432
2016-03-24,0.0413479,0.0413517,0.0412006,0.041302
2016-03-28,0.0412637,0.0414377,0.0412322,0.0413543
2016-03-29,0.0413563,0.0417721,0.0412754,0.0417359
2016-03-30,0.0417218,0.0419641,0.041712,0.0419055
2016-03-31,0.0418915,0.0421905,0.0418001,0.0420741
2016-04-01,0.0420847,0.0423051,0.0419583,0.0421388
2016-04-04,0.0421566,0.042213,0.042015,0.0421301
2016-04-05,0.0421306,0.0421722,0.0419409,0.0421074
2016-04-06,0.0421065,0.0422862,0.0419115,0.0421777
2016-04-07,0.0421658,0.0423659,0.0419588,0.0420998
2016-04-08,0.0420854,0.0422517,0.0420067,0.0421904
2016-04-11,0.0422176,0.0423449,0.0420959,0.0422139
2016-04-12,0.0421959,0.0424076,0.0419981,0.0421326
2016-04-13,0.0421333,0.0421498,0.0417018,0.0417129
2016-04-14,0.0417219,0.0417753,0.0415721,0.0416753
2016-04-15,0.0416724,0.0418659,0.0416131,0.041751
2016-04-18,0.0417968,0.0419317,0.0417263,0.0418706
2016-04-19,0.041864,0.0421312,0.0418351,0.0420288
2016-04-20,0.042027,0.0421312,0.0417894,0.041813
2016-04-21,0.0418216,0.0421283,0.0417383,0.0417673
2016-04-22,0.0417662,0.0418449,0.0414871,0.0415103
2016-04-25,0.0415026,0.0417228,0.0415026,0.0416832
2016-04-26,0.0416957,0.0419308,0.0416478,0.0417917
2016-04-27,0.0417823,0.0419402,0.0417573,0.0418731
2016-04-28,0.0418817,0.0420389,0.0417879,0.0419861
2016-04-29,0.041971,0.0423537,0.041971,0.0423392
2016-05-02,0.0423858,0.0426738,0.0423413,0.0426687
2016-05-03,0.0426365,0.042955,0.0425488,0.0425488
2016-05-04,0.0425215,0.0426352,0.042443,0.0424989
2016-05-05,0.0424953,0.0425242,0.0421324,0.0421962
2016-05-06,0.0421886,0.0423822,0.0421459,0.0422048
2016-05-09,0.0421722,0.0422583,0.0421072,0.0421235
2016-05-10,0.0421292,0.0422051,0.0420389,0.0420884
2016-05-11,0.0420824,0.0423578,0.0420776,0.0422833
2016-05-12,0.0422765,0.0422971,0.0420836,0.0421095
2016-05-13,0.0420999,0.0421159,0.0417605,0.0418724
2016-05-16,0.0418372,0.0419715,0.0418265,0.0418882
2016-05-17,0.0418771,0.0419792,0.0418331,0.0418689
2016-05-18,0.0418659,0.0418871,0.0415039,0.0415146
2016-05-19,0.0415127,0.0415538,0.0413753,0.0414595
2016-05-20,0.0414525,0.0415654,0.0414376,0.0414828
2016-05-23,0.0415031,0.0415856,0.0413938,0.0414998
2016-05-24,0.0415012,0.0415231,0.0411936,0.0412152
2016-05-25,0.0412162,0.0413218,0.0411812,0.04128
2016-05-26,0.0412899,0.0414955,0.0412642,0.0414176
2016-05-27,0.0414156,0.041436,0.0411167,0.0411167
2016-05-30,0.0411303,0.0412443,0.0410711,0.0412186
2016-05-31,0.0412123,0.0413457,0.0411648,0.041198
2016-06-01,0.0411892,0.0414154,0.0411318,0.0413912
2016-06-02,0.041387,0.0414958,0.0412528,0.0412705
2016-06-03,0.0412752,0.0420143,0.0412138,0.0420143
2016-06-06,0.042058,0.0421503,0.041934,0.0420283
2016-06-07,0.0420226,0.042112,0.0419669,0.0420366
2016-06-08,0.0420334,0.0422246,0.0420226,0.0421654
2016-06-09,0.0421936,0.0422449,0.0418429,0.0418804
2016-06-10,0.0418734,0.0418931,0.0416219,0.0416545
2016-06-13,0.041623,0.0418144,0.0415719,0.0417718
2016-06-14,0.0417615,0.041801,0.0413575,0.0414252
2016-06-15,0.0414273,0.0416939,0.041365,0.041573
2016-06-16,0.041583,0.041707,0.0411232,0.041469
2016-06-17,0.0414804,0.0417223,0.0414463,0.0416623
2016-06-20,0.0418277,0.0420629,0.0417765,0.0418083
2016-06-21,0.0418032,0.041947,0.0415403,0.0415806
2016-06-22,0.0415526,0.0418443,0.0415174,0.0417495
2016-06-23,0.0418647,0.0421891,0.0418153,0.0420845
2016-06-24,0.0422055,0.0422055,0.0403036,0.0408954
2016-06-27,0.040735,0.0408797,0.0403952,0.0405897
2016-06-28,0.0405752,0.0409378,0.0405257,0.0407286
2016-06-29,0.0408253,0.0410652,0.0406883,0.0410388
2016-06-30,0.0410479,0.0411443,0.04078,0.0410182
2016-07-01,0.0410063,0.0411726,0.0409021,0.0410848
2016-07-04,0.0410725,0.041223,0.0409792,0.0412026
2016-07-05,0.041186,0.0412483,0.040901,0.0409544
2016-07-06,0.0409185,0.0410605,0.0407569,0.0410184
2016-07-07,0.040997,0.0410415,0.0408682,0.0409135
2016-07-08,0.0409179,0.041027,0.0407538,0.0408993
2016-07-11,0.0408888,0.0409509,0.0407731,0.0408883
2016-07-12,0.0409003,0.0411259,0.0408749,0.0409221
2016-07-13,0.0409272,0.0411328,0.0408442,0.0410272
2016-07-14,0.0410529,0.0412967,0.0410443,0.0411198
2016-07-15,0.0411096,0.0412415,0.0409057,0.0409576
2016-07-18,0.0408868,0.0410061,0.0408483,0.0409808
2016-07-19,0.0409823,0.0410223,0.0407198,0.0407852
2016-07-20,0.040782,0.0407945,0.0406497,0.0407647
2016-07-21,0.0407398,0.0408988,0.0406564,0.0407982
2016-07-22,0.0407927,0.040847,0.0405497,0.0406118
2016-07-25,0.0406053,0.0406906,0.0405356,0.0406818
2016-07-26,0.040679,0.0407819,0.0406279,0.0406435
2016-07-27,0.0406569,0.0409149,0.0405849,0.0409149
2016-07-28,0.0408836,0.0411303,0.0408792,0.0409661
2016-07-29,0.0409618,0.0413943,0.0409574,0.0413649
2016-08-01,0.0413685,0.0413835,0.0412776,0.0413039
2016-08-02,0.0413061,0.0415559,0.0413049,0.0415232
2016-08-03,0.0415132,0.0415146,0.0412278,0.041256
2016-08-04,0.0412557,0.0412752,0.0411301,0.0411841
2016-08-05,0.0411795,0.0413029,0.0408863,0.0410307
2016-08-08,0.041024,0.0410946,0.0409734,0.0410233
2016-08-09,0.0410147,0.041156,0.0409656,0.0411467
2016-08-10,0.0411347,0.0414039,0.0411325,0.0413397
2016-08-11,0.0413683,0.04139,0.0412092,0.041213
2016-08-12,0.0412094,0.0415234,0.0411977,0.0413059
2016-08-15,0.0413307,0.0414554,0.0412819,0.0413883
2016-08-16,0.0413926,0.0418449,0.0413674,0.041735
2016-08-17,0.0417216,0.0418652,0.0416491,0.0417906
2016-08-18,0.0417727,0.0420613,0.0417648,0.0420232
2016-08-19,0.0420122,0.0420371,0.0418377,0.0419259
2016-08-22,0.0418776,0.0419173,0.0417162,0.041898
2016-08-23,0.0418959,0.0420135,0.04183,0.0418431
2016-08-24,0.0418401,0.0418636,0.0416179,0.041683
2016-08-25,0.0416875,0.0417987,0.0416684,0.0417587
2016-08-26,0.0417592,0.04194,0.0413852,0.0414322
2016-08-29,0.0414,0.0414774,0.041303,0.0414067
2016-08-30,0.0413885,0.0414202,0.0411865,0.0412201
2016-08-31,0.0412358,0.0413046,0.0411612,0.0412785
2016-09-01,0.0412909,0.0414669,0.0411785,0.0414357
2016-09-02,0.0414377,0.0416055,0.0412725,0.041289
2016-09-05,0.0412763,0.0413817,0.0412322,0.0412604
2016-09-06,0.0412538,0.0416762,0.0412342,0.0416594
2016-09-07,0.0416373,0.0416856,0.0415569,0.0415937
2016-09-08,0.0415942,0.0419041,0.0415797,0.0416778
2016-09-09,0.0416905,0.0417603,0.0414652,0.0415517
2016-09-12,0.0415825,0.04167,0.041496,0.0415749
2016-09-13,0.0415733,0.0416516,0.0414623,0.0415126
2016-09-14,0.0415079,0.0417105,0.0414915,0.0416275
2016-09-15,0.0416311,0.0417181,0.0415196,0.041602
2016-09-16,0.0416041,0.0416306,0.041265,0.0412865
2016-09-19,0.04128,0.0414338,0.0412742,0.0413519
2016-09-20,0.041364,0.0414812,0.0412631,0.0412647
2016-09-21,0.0412722,0.0414195,0.0411677,0.0414163
2016-09-22,0.0414118,0.0416504,0.04135,0.0414771
2016-09-23,0.041476,0.041598,0.0414276,0.0415562
2016-09-26,0.0415635,0.0417336,0.0415344,0.0416441
2016-09-27,0.0416533,0.0416611,0.0414202,0.04151
2016-09-28,0.0415182,0.0415783,0.0413822,0.0415126
2016-09-29,0.0415112,0.0416183,0.0414406,0.0415312
2016-09-30,0.0415205,0.0416186,0.0412817,0.0415757
2016-10-03,0.0415889,0.041606,0.0414769,0.0414908
2016-10-04,0.0414886,0.0415814,0.0412261,0.0414668
2016-10-05,0.0414704,0.0415693,0.0414159,0.0414702
2016-10-06,0.0414779,0.0414969,0.0412339,0.0412783
2016-10-07,0.041257,0.0414549,0.0411017,0.0414417
2016-10-10,0.0413974,0.0414491,0.0411936,0.0412164
2016-10-11,0.0412245,0.0412439,0.0408941,0.0409122
2016-10-12,0.0409033,0.0409586,0.0407262,0.0407307
2016-10-13,0.040735,0.0409226,0.0406592,0.0409177
2016-10-14,0.0408926,0.040919,0.0406035,0.0406035
2016-10-17,0.0405963,0.0407355,0.0405783,0.040702
2016-10-18,0.0407043,0.040798,0.0406034,0.0406355
2016-10-19,0.0406312,0.0407204,0.0405464,0.0406101
2016-10-20,0.0406123,0.0407894,0.0404044,0.0404385
2016-10-21,0.0404469,0.0404531,0.0401903,0.040257
2016-10-24,0.0402748,0.0403379,0.0401903,0.0402627
2016-10-25,0.0402397,0.0403546,0.0401614,0.0402948
2016-10-26,0.0403011,0.0404994,0.0402495,0.0403678
2016-10-27,0.0403688,0.0404901,0.0402826,0.040325
2016-10-28,0.040331,0.0406621,0.040314,0.0406365
2016-10-31,0.040611,0.040642,0.0404735,0.0406192
2016-11-01,0.0405989,0.0409531,0.0405609,0.0409194
2016-11-02,0.0409216,0.0411555,0.0408881,0.0410683
2016-11-03,0.041087,0.0411597,0.0409343,0.041103
2016-11-04,0.0411438,0.0412259,0.0410147,0.0412245
2016-11-07,0.0410342,0.0411137,0.0408123,0.0408604
2016-11-08,0.0408664,0.0409524,0.0407461,0.0408027
2016-11-09,0.0407619,0.0417971,0.0403706,0.0403714
2016-11-10,0.040408,0.04053,0.0402104,0.0403036
2016-11-11,0.0402771,0.0404011,0.0400839,0.0401353
2016-11-14,0.0401035,0.0401179,0.0396321,0.0397256
2016-11-15,0.0397333,0.0400136,0.039619,0.039652
2016-11-16,0.0396563,0.039788,0.0394263,0.0395452
2016-11-17,0.0395952,0.0397302,0.0392869,0.0393136
2016-11-18,0.0393139,0.0393668,0.0390972,0.0391902
2016-11-21,0.0391822,0.0393819,0.0391491,0.0393213
2016-11-22,0.0393402,0.0393994,0.0391679,0.0393103
2016-11-23,0.0393045,0.0393719,0.0389552,0.0390303
2016-11-24,0.0390287,0.0391556,0.0389291,0.0390398
2016-11-25,0.0390544,0.0393003,0.0389909,0.0391873
2016-11-28,0.0392042,0.0394935,0.0390718,0.0392337
2016-11-29,0.0392305,0.0393774,0.0390665,0.039362
2016-11-30,0.039356,0.0394058,0.0390451,0.0391442
2016-12-01,0.0391754,0.0394238,0.0391198,0.0393937
2016-12-02,0.0393986,0.0394957,0.0392768,0.0394358
2016-12-05,0.038975,0.0399068,0.0388741,0.0397974
2016-12-06,0.0397825,0.0398581,0.0395693,0.0396385
2016-12-07,0.0396418,0.0398379,0.0396156,0.0397766
2016-12-08,0.0398084,0.0400266,0.0391846,0.0392415
2016-12-09,0.0392281,0.039326,0.0389693,0.0390511
2016-12-12,0.0390163,0.0393946,0.0389523,0.0393465
2016-12-13,0.0393606,0.0394611,0.0392446,0.039329
2016-12-14,0.0393218,0.0394784,0.0388689,0.0389737
2016-12-15,0.038971,0.038971,0.0383658,0.0385397
2016-12-16,0.038555,0.0387456,0.0384972,0.038632
2016-12-19,0.0386566,0.0387846,0.0384663,0.0385014
2016-12-20,0.0385005,0.0386308,0.0383211,0.0384605
2016-12-21,0.0384636,0.038676,0.0384317,0.0385785
2016-12-22,0.0385992,0.0388428,0.0385808,0.0386266
2016-12-23,0.038616,0.0387276,0.0385965,0.0386728
2016-12-27,0.0386858,0.0387244,0.0386099,0.0387075
2016-12-28,0.0387037,0.0387895,0.0383612,0.0385383
2016-12-29,0.0385545,0.0388375,0.0385446,0.0388235
2016-12-30,0.0388331,0.0392143,0.0388059,0.038966
2017-01-02,0.0389337,0.0389879,0.0386832,0.0386949
2017-01-03,0.0387376,0.038828,0.0382947,0.0385135
2017-01-04,0.038526,0.0388446,0.03845,0.0388282
2017-01-05,0.0388108,0.0392825,0.0387926,0.0392622
2017-01-06,0.0392466,0.0392754,0.0389475,0.038981
2017-01-09,0.0389795,0.0391556,0.0389043,0.0391232
2017-01-10,0.0391678,0.0393182,0.0390567,0.0390601
2017-01-11,0.0390712,0.0392926,0.0386934,0.039146
2017-01-12,0.039165,0.0395382,0.0391213,0.0392805
2017-01-13,0.0392742,0.0394728,0.0392297,0.0393735
2017-01-16,0.0393147,0.0393616,0.0391567,0.0392391
2017-01-17,0.0392278,0.0396607,0.0392226,0.0396409
2017-01-18,0.0396424,0.0396508,0.039345,0.0393806
2017-01-19,0.0393516,0.0395154,0.0392005,0.0394675
2017-01-20,0.0394642,0.0396192,0.0393226,0.0395739
2017-01-23,0.0396101,0.0398348,0.0396099,0.0398291
2017-01-24,0.0398508,0.0398678,0.0396755,0.0397202
2017-01-25,0.0397115,0.0398522,0.0396438,0.0397758
2017-01-26,0.0397772,0.0398395,0.0394465,0.0395224
2017-01-27,0.0395163,0.0396833,0.0394533,0.0395906
2017-01-30,0.0396525,0.0397374,0.0393039,0.0395798
2017-01-31,0.0395955,0.0400035,0.039541,0.0399607
2017-02-01,0.0399477,0.0399979,0.0397453,0.0398599
2017-02-02,0.0398444,0.0400657,0.0398061,0.0398113
2017-02-03,0.039837,0.0399553,0.0397027,0.039895
2017-02-06,0.0399108,0.0399256,0.0396184,0.039789
2017-02-07,0.0397716,0.039785,0.0394386,0.0395315
2017-02-08,0.039531,0.0396382,0.0393792,0.0395833
2017-02-09,0.039587,0.039633,0.0394169,0.0394424
2017-02-10,0.0394376,0.039482,0.0392599,0.0393668
2017-02-13,0.0393317,0.0394462,0.0392005,0.0392249
2017-02-14,0.0392217,0.0393502,0.0390889,0.0391549
2017-02-15,0.039155,0.0392562,0.0389417,0.0392278
2017-02-16,0.0392037,0.0395202,0.0391985,0.039511
2017-02-17,0.0394957,0.0395141,0.0392512,0.039275
2017-02-20,0.0393136,0.039354,0.0392435,0.0392788
2017-02-21,0.039289,0.039289,0.0389543,0.038997
2017-02-22,0.0389929,0.0391351,0.0388384,0.0390822
2017-02-23,0.0390631,0.0392043,0.0389982,0.0391495
2017-02-24,0.0391563,0.0392904,0.0390715,0.0390839
2017-02-27,0.0390825,0.0393329,0.0390483,0.0391776
2017-02-28,0.0391768,0.0393267,0.0391235,0.0391359
2017-03-01,0.0391281,0.0391725,0.0389193,0.0390259
2017-03-02,0.0390508,0.0390565,0.0388402,0.0388824
2017-03-03,0.0388872,0.0392788,0.038865,0.0392788
2017-03-06,0.0392514,0.0393589,0.0391348,0.0391537
2017-03-07,0.0391533,0.0392326,0.0390804,0.0391083
2017-03-08,0.0390886,0.0391343,0.0389895,0.0390113
2017-03-09,0.0390101,0.0392702,0.0389517,0.0391402
2017-03-10,0.0391405,0.0395881,0.0391232,0.0395576
2017-03-13,0.0395105,0.0396336,0.0394176,0.0394302
2017-03-14,0.0394196,0.0394491,0.0392294,0.0392576
2017-03-15,0.0392588,0.039733,0.0392576,0.0397302
2017-03-16,0.0397167,0.0398708,0.0396197,0.0398695
2017-03-17,0.0398667,0.0399074,0.0397043,0.0397453
2017-03-20,0.0397565,0.0398762,0.0396877,0.0397433
2017-03-21,0.0397238,0.0400307,0.0396655,0.0399899
2017-03-22,0.0400195,0.0400378,0.039878,0.0399399
2017-03-23,0.0399462,0.0399778,0.0398551,0.039896
2017-03-24,0.0398963,0.0400301,0.0398222,0.0399744
2017-03-27,0.0400994,0.0403494,0.0400628,0.040208
2017-03-28,0.0402042,0.0402327,0.0398579,0.0400013
2017-03-29,0.0400126,0.0400641,0.0397535,0.0398097
2017-03-30,0.0398416,0.0398556,0.0393164,0.0393191
2017-03-31,0.03936,0.0395953,0.0391905,0.0394772
2017-04-03,0.0394656,0.0395382,0.039342,0.0394541
2017-04-04,0.0394275,0.039482,0.0392995,0.0394779
2017-04-05,0.0394748,0.0395113,0.0393468,0.0394292
2017-04-06,0.039447,0.0401337,0.0393377,0.039988
2017-04-07,0.0399762,0.0400869,0.0398141,0.0398646
2017-04-10,0.0398073,0.0399629,0.0397636,0.0398026
2017-04-11,0.0398024,0.039917,0.0396211,0.0397619
2017-04-12,0.0397557,0.0399669,0.0396723,0.0399436
2017-04-13,0.0399522,0.0400043,0.0397518,0.0397746
2017-04-14,0.039779,0.0398516,0.0397464,0.0397676
2017-04-17,0.0397262,0.0400487,0.0397049,0.0399366
2017-04-18,0.0399152,0.0401011,0.039729,0.040054
2017-04-19,0.0400453,0.0400884,0.0398254,0.0398384
2017-04-20,0.0398384,0.0400413,0.0398043,0.0398438
2017-04-21,0.0398532,0.0398734,0.0396272,0.0397698
2017-04-24,0.040589,0.0406047,0.0402842,0.0404973
2017-04-25,0.0404891,0.0407819,0.040438,0.040713
2017-04-26,0.0407037,0.0407468,0.0403286,0.040539
2017-04-27,0.0405402,0.0406057,0.0401784,0.0402251
2017-04-28,0.0402199,0.0406171,0.0401692,0.0405716
2017-05-02,0.0406141,0.0406686,0.0404786,0.0406177
2017-05-03,0.0405979,0.0408448,0.0405485,0.0406901
2017-05-04,0.040706,0.0409786,0.0406261,0.0409428
2017-05-05,0.0409239,0.0411607,0.0408485,0.0411215
2017-05-08,0.0411389,0.0412574,0.0409045,0.0409685
2017-05-09,0.0409485,0.0409957,0.0407692,0.040835
2017-05-10,0.0408402,0.040971,0.0407163,0.0408919
2017-05-11,0.040906,0.0409833,0.040777,0.0408697
2017-05-12,0.0408857,0.0411541,0.0408385,0.0411541
2017-05-15,0.0411589,0.0415069,0.041126,0.041485
2017-05-16,0.0414884,0.0420982,0.0414872,0.0420399
2017-05-17,0.0420136,0.042166,0.0418673,0.0421106
2017-05-18,0.0421262,0.042145,0.041575,0.041773
2017-05-19,0.0417315,0.0423227,0.0417315,0.0422803
2017-05-22,0.042219,0.0424618,0.0421409,0.0423772
2017-05-23,0.0423853,0.0425163,0.0422492,0.0422972
2017-05-24,0.0423069,0.0423865,0.0421592,0.0423865
2017-05-25,0.0423864,0.0425508,0.0423592,0.0424272
2017-05-26,0.042398,0.0425315,0.0421704,0.0422117
2017-05-29,0.042261,0.0423395,0.0421061,0.0421086
2017-05-30,0.0420659,0.0423101,0.0418732,0.0422722
2017-05-31,0.0422486,0.0426991,0.0421614,0.042676
2017-06-01,0.0426641,0.0427137,0.0424596,0.0425771
2017-06-02,0.0425829,0.0428412,0.0425201,0.0428222
2017-06-05,0.0428403,0.0428567,0.0426834,0.0427679
2017-06-06,0.0427676,0.0428609,0.0426743,0.0428563
2017-06-07,0.0428579,0.0428737,0.0425568,0.0427851
2017-06-08,0.0427934,0.0428537,0.0425965,0.0426585
2017-06-09,0.0426196,0.0428291,0.0425351,0.0427555
2017-06-12,0.0427449,0.042871,0.0427122,0.042765
2017-06-13,0.0427762,0.0429214,0.0427033,0.042875
2017-06-14,0.04288,0.043229,0.0427765,0.0428719
2017-06-15,0.0428267,0.0428973,0.0423898,0.0424618
2017-06-16,0.0424589,0.0427899,0.0423862,0.0427615
2017-06-19,0.0427965,0.0428899,0.0425548,0.0425793
2017-06-20,0.0425983,0.0426563,0.0422092,0.0423375
2017-06-21,0.0423673,0.0424807,0.0422701,0.0424459
2017-06-22,0.0424791,0.0425537,0.042363,0.0423869
2017-06-23,0.0424257,0.0426723,0.0423618,0.0426265
2017-06-26,0.0426072,0.04275,0.0424973,0.0425065
2017-06-27,0.0425091,0.0431345,0.0425015,0.0430773
2017-06-28,0.0431263,0.0433109,0.043001,0.04327
2017-06-29,0.0432717,0.0436374,0.0432655,0.0436306
2017-06-30,0.0436529,0.0437508,0.0434205,0.0437241
2017-07-03,0.0437733,0.0437886,0.0434529,0.0434941
2017-07-04,0.0434936,0.0435445,0.0433832,0.0433922
2017-07-05,0.0433939,0.0435184,0.0432979,0.0435051
2017-07-06,0.0434981,0.0437178,0.0434077,0.0436805
2017-07-07,0.0436929,0.0438222,0.0436015,0.0437136
2017-07-10,0.0436792,0.0438018,0.0435965,0.0436937
2017-07-11,0.0437044,0.0439265,0.0435606,0.0439142
2017-07-12,0.0439126,0.0440009,0.0436542,0.0436973
2017-07-13,0.0437288,0.0438716,0.0435726,0.043659
2017-07-14,0.0436687,0.0439847,0.0436397,0.0439839
2017-07-17,0.0439732,0.0440635,0.0438445,0.0440189
2017-07-18,0.0440182,0.0444036,0.0439974,0.0442315
2017-07-19,0.0442525,0.0443258,0.0441285,0.0441404
2017-07-20,0.0441466,0.0446861,0.0440942,0.0446494
2017-07-21,0.044664,0.0448404,0.0446104,0.0447842
2017-07-24,0.0448043,0.0448298,0.044652,0.0446853
2017-07-25,0.0446776,0.0449915,0.0446502,0.0447333
2017-07-26,0.0447365,0.045106,0.0446349,0.0451005
2017-07-27,0.0451213,0.0451988,0.044673,0.0447968
2017-07-28,0.0448282,0.0451765,0.0447966,0.0451133
2017-07-31,0.0451074,0.0454207,0.0449174,0.0454207
2017-08-01,0.0453692,0.0453776,0.0450708,0.0451319
2017-08-02,0.0451176,0.0455791,0.0450857,0.0454223
2017-08-03,0.0454378,0.0457178,0.0453061,0.0455537
2017-08-04,0.0455764,0.0456915,0.0449168,0.0451433
2017-08-07,0.0451058,0.0452356,0.0450629,0.0451298
2017-08-08,0.0451396,0.0452421,0.0448091,0.0449325
2017-08-09,0.0449355,0.0450175,0.0446722,0.0449039
2017-08-10,0.0449307,0.0450104,0.0447457,0.044965
2017-08-11,0.0449572,0.0452519,0.0448851,0.045193
2017-08-14,0.0451661,0.0452671,0.0450534,0.0451021
2017-08-15,0.045054,0.0451451,0.0447021,0.0448763
2017-08-16,0.0449202,0.0451883,0.0448471,0.0451459
2017-08-17,0.0451749,0.0452397,0.0448223,0.0449717
2017-08-18,0.0449845,0.0451164,0.0449117,0.0450993
2017-08-21,0.0451003,0.0453365,0.0449857,0.045254
2017-08-22,0.0452323,0.0452823,0.0449944,0.045083
2017-08-23,0.0450812,0.0452618,0.0450167,0.0452047
2017-08-24,0.0452092,0.0452612,0.0451007,0.04519
2017-08-25,0.0451941,0.0457281,0.0451243,0.04567
2017-08-28,0.0457737,0.0459187,0.0456623,0.0459088
2017-08-29,0.0459082,0.0462086,0.0457664,0.0458564
2017-08-30,0.0458383,0.045931,0.0455836,0.0455996
2017-08-31,0.0456542,0.0456644,0.0452999,0.0455994
2017-09-01,0.0456461,0.0458863,0.045494,0.0455527
2017-09-04,0.0456275,0.0457544,0.0455863,0.0456288
2017-09-05,0.0456386,0.045767,0.0454785,0.0456404
2017-09-06,0.0456488,0.0457622,0.0456034,0.0456725
2017-09-07,0.0456796,0.046134,0.0456713,0.0460128
2017-09-08,0.0460206,0.0462712,0.0460045,0.0460749
2017-09-11,0.0460573,0.0461344,0.0457987,0.0458178
2017-09-12,0.0458325,0.0459149,0.0456754,0.0458295
2017-09-13,0.0458505,0.0459451,0.0454827,0.0455284
2017-09-14,0.0455351,0.045727,0.0453873,0.0457189
2017-09-15,0.0457076,0.0459474,0.0456567,0.045776
2017-09-18,0.0457431,0.0458785,0.0456431,0.0457722
2017-09-19,0.0457643,0.0459834,0.0457457,0.0459591
2017-09-20,0.0459519,0.0460274,0.0454653,0.0455741
2017-09-21,0.0455695,0.0458486,0.0454746,0.0457943
2017-09-22,0.0457924,0.0460872,0.0457771,0.0458751
2017-09-25,0.0457411,0.0458398,0.0453957,0.0454856
2017-09-26,0.0454827,0.04554,0.0451494,0.0452974
2017-09-27,0.0453061,0.0453112,0.0449289,0.0451198
2017-09-28,0.0451249,0.045355,0.0450432,0.0452823
2017-09-29,0.0452835,0.0455672,0.045236,0.0454971
2017-10-02,0.0454407,0.0454483,0.0451107,0.0452073
2017-10-03,0.0452118,0.0453893,0.0451154,0.0453085
2017-10-04,0.0452704,0.0455751,0.0452704,0.0454936
2017-10-05,0.0455011,0.0456098,0.0453032,0.0453451
2017-10-06,0.0453646,0.0453729,0.0451312,0.0452909
2017-10-09,0.0453231,0.0454192,0.0452704,0.0453607
2017-10-10,0.0453599,0.0456844,0.0453544,0.0456408
2017-10-11,0.0456458,0.0458716,0.0455882,0.045828
2017-10-12,0.0458253,0.0459055,0.0456905,0.0457185
2017-10-13,0.0457316,0.0459806,0.0456949,0.0457852
2017-10-16,0.0457448,0.0458806,0.045635,0.0457431
2017-10-17,0.0457318,0.0457618,0.0455546,0.0456865
2017-10-18,0.0456859,0.0459523,0.045589,0.0458369
2017-10-19,0.0458507,0.0461012,0.0457943,0.0460721
2017-10-20,0.0460543,0.0460836,0.0458451,0.0458808
2017-10-23,0.0458943,0.0458943,0.0456951,0.0457907
2017-10-24,0.0457796,0.0460401,0.0457704,0.0459198
2017-10-25,0.0459379,0.0461764,0.0459082,0.0461565
2017-10-26,0.0461834,0.0462563,0.0453412,0.0453533
2017-10-27,0.0453931,0.0454337,0.0450611,0.045244
2017-10-30,0.0452395,0.045432,0.0452307,0.0453931
2017-10-31,0.0453766,0.0454312,0.045311,0.0454178
2017-11-01,0.0454133,0.0455446,0.0453262,0.0454711
2017-11-02,0.0454471,0.0457068,0.0452489,0.0454085
2017-11-03,0.0453937,0.0455527,0.0451832,0.0452028
2017-11-06,0.0452319,0.0454322,0.0451514,0.0454209
2017-11-07,0.0454287,0.0454415,0.0451704,0.0453459
2017-11-08,0.045362,0.045437,0.0452438,0.045313
2017-11-09,0.0453178,0.0456533,0.0452669,0.045603
2017-11-10,0.0455944,0.0456988,0.0455114,0.0456373
2017-11-13,0.0456096,0.0456919,0.0455286,0.0456302
2017-11-14,0.0456396,0.0460976,0.0456142,0.0460781
2017-11-15,0.0460764,0.0462644,0.0459624,0.0459766
2017-11-16,0.0459053,0.0461223,0.0459048,0.0460312
2017-11-17,0.0460484,0.0462537,0.046024,0.0461248
2017-11-20,0.0460651,0.0461414,0.0458606,0.0459472
2017-11-21,0.0459346,0.0460685,0.0458648,0.0460467
2017-11-22,0.0460189,0.0464158,0.0460189,0.0463945
2017-11-23,0.0463919,0.0466257,0.0463684,0.0466081
2017-11-24,0.0466109,0.0469301,0.0465465,0.0468887
2017-11-27,0.0469041,0.0470396,0.0467646,0.0467663
2017-11-28,0.0467674,0.0468716,0.0464087,0.0464542
2017-11-29,0.0464835,0.046644,0.0463951,0.0464714
2017-11-30,0.0464952,0.0467722,0.046354,0.0466572
2017-12-01,0.0466131,0.0467768,0.0463914,0.0465519
2017-12-04,0.0464434,0.0464961,0.0462182,0.0463383
2017-12-05,0.0463529,0.0464091,0.0459912,0.0461255
2017-12-06,0.046115,0.0461883,0.0459821,0.0460484
2017-12-07,0.0460571,0.0461644,0.0459641,0.0460253
2017-12-08,0.0460541,0.0460636,0.0459057,0.0460395
2017-12-11,0.0460316,0.0461382,0.0459289,0.045973
2017-12-12,0.0459795,0.0460274,0.0456913,0.0458085
2017-12-13,0.0457964,0.0461061,0.0457348,0.046098
2017-12-14,0.0460685,0.0461712,0.0458035,0.0458232
2017-12-15,0.045776,0.0459806,0.045748,0.0457513
2017-12-18,0.0457538,0.0460145,0.045721,0.0458718
2017-12-19,0.0458659,0.0461338,0.0458266,0.0461084
2017-12-20,0.0461101,0.0463729,0.0460513,0.0462278
2017-12-21,0.0462293,0.0462577,0.0460541,0.0461612
2017-12-22,0.0461672,0.0461757,0.045913,0.0460564
2017-12-26,0.0461157,0.0461295,0.0459802,0.0460147
2017-12-27,0.0460679,0.0461155,0.0458341,0.0458432
2017-12-28,0.0463465,0.0467766,0.0463274,0.0466853
2017-12-29,0.0466877,0.0471056,0.0466592,0.0469638
2018-01-02,0.0470528,0.0473424,0.0469836,0.0472809
2018-01-03,0.0472871,0.0473149,0.0469828,0.047116
2018-01-04,0.047102,0.0473952,0.0470823,0.047335
2018-01-05,0.0472746,0.0473189,0.0470305,0.0471731
2018-01-08,0.04714,0.0472416,0.0468128,0.0468367
2018-01-09,0.0468413,0.0468779,0.0466424,0.046713
2018-01-10,0.0467176,0.04697,0.0466588,0.0467499
2018-01-11,0.0467779,0.0472315,0.0466917,0.0471792
2018-01-12,0.0471918,0.0477765,0.0471758,0.0477742
2018-01-15,0.0478233,0.048151,0.0477842,0.0480386
2018-01-16,0.048031,0.0482938,0.0478025,0.0482172
2018-01-17,0.0482123,0.0484025,0.0479488,0.0480245
2018-01-18,0.0479685,0.0483533,0.0479538,0.0482721
2018-01-19,0.0482854,0.0483863,0.0481105,0.0481524
2018-01-22,0.0482488,0.0483001,0.0480959,0.0482607
2018-01-23,0.0482539,0.0484522,0.0480885,0.0484407
2018-01-24,0.0484294,0.0489122,0.0484231,0.0488766
2018-01-25,0.0488529,0.0493844,0.0487781,0.0488923
2018-01-26,0.0488129,0.0492572,0.0488052,0.0490728
2018-01-29,0.0490511,0.0491323,0.0487123,0.04894
2018-01-30,0.0489232,0.0491524,0.048714,0.0490076
2018-01-31,0.0489901,0.0493386,0.0489673,0.0491157
2018-02-01,0.0490826,0.049729,0.0490124,0.0496423
2018-02-02,0.0496307,0.0496954,0.0492856,0.0494069
2018-02-05,0.0492883,0.0494797,0.049009,0.0490107
2018-02-06,0.0490925,0.0492679,0.0488131,0.0490629
2018-02-07,0.049108,0.0491787,0.0485263,0.0485508
2018-02-08,0.04851,0.0487123,0.0482605,0.0482751
2018-02-09,0.0482782,0.0485072,0.0480776,0.048239
2018-02-12,0.0482681,0.0484959,0.0482355,0.0484362
2018-02-13,0.0484578,0.0487529,0.048432,0.04868
2018-02-14,0.0486658,0.0491857,0.048354,0.0490718
2018-02-15,0.0490969,0.0493686,0.0490725,0.049342
2018-02-16,0.049317,0.0495219,0.0489146,0.0489455
2018-02-19,0.0489586,0.0490981,0.0488377,0.0490355
2018-02-20,0.0490412,0.0490506,0.0486573,0.0486969
2018-02-21,0.048703,0.0487498,0.0484484,0.0484503
2018-02-22,0.0484172,0.0487781,0.048333,0.0486336
2018-02-23,0.0486365,0.0486623,0.0484571,0.0485114
2018-02-26,0.0484874,0.048654,0.0483866,0.0485517
2018-02-27,0.0485394,0.0486578,0.0480695,0.0481075
2018-02-28,0.048129,0.0481473,0.0479715,0.0479828
2018-03-01,0.0479616,0.0482323,0.0478373,0.0482279
2018-03-02,0.0482733,0.0486152,0.0482053,0.0486076
2018-03-05,0.0486684,0.0486684,0.048312,0.048538
2018-03-06,0.0485291,0.0489014,0.0485239,0.0488689
2018-03-07,0.0489179,0.0489738,0.0487201,0.0488169
2018-03-08,0.0488117,0.0489457,0.0483758,0.0484552
2018-03-09,0.0484567,0.0484879,0.048219,0.0483092
2018-03-12,0.0483143,0.0484874,0.0482735,0.0484609
2018-03-13,0.0484684,0.0486872,0.0484095,0.0486235
2018-03-14,0.0486069,0.0487028,0.0485183,0.0486154
2018-03-15,0.048628,0.0486762,0.0484093,0.0484346
2018-03-16,0.0484463,0.0485343,0.0482221,0.0483624
2018-03-19,0.0483496,0.0485982,0.0482172,0.048515
2018-03-20,0.0485248,0.0486079,0.0481464,0.0481867
2018-03-21,0.04819,0.0486171,0.0481709,0.0485828
2018-03-22,0.0485975,0.0487553,0.0483547,0.0484332
2018-03-23,0.0485201,0.0486784,0.0484426,0.0486358
2018-03-26,0.0486145,0.0489812,0.048572,0.0489333
2018-03-27,0.0489069,0.0490509,0.0485885,0.0487163
2018-03-28,0.0487092,0.0487924,0.0483372,0.0483512
2018-03-29,0.0484004,0.0485814,0.0483419,0.0484402
2018-03-30,0.0484943,0.0487211,0.0484473,0.0486239
2018-04-02,0.0486239,0.0486831,0.0484449,0.0485366
2018-04-03,0.0485625,0.0487662,0.0483629,0.0484684
2018-04-04,0.0484684,0.0486381,0.0484215,0.0484848
2018-04-05,0.0485413,0.0485791,0.0482207,0.0483465
2018-04-06,0.0483372,0.0484778,0.0481765,0.0484168
2018-04-09,0.0484191,0.0486736,0.0483442,0.0486547
2018-04-10,0.0486358,0.0488735,0.0485484,0.0488591
2018-04-11,0.0488281,0.048986,0.048752,0.0488353
2018-04-12,0.0488615,0.0489333,0.0486169,0.0487187
2018-04-13,0.0487187,0.0488257,0.0486263,0.0487876
2018-04-16,0.0487615,0.0490749,0.0487092,0.0490076
2018-04-17,0.049022,0.0491642,0.0488067,0.0489452
2018-04-18,0.0489716,0.0490581,0.0488472,0.0489189
2018-04-19,0.0489764,0.0490124,0.0486713,0.0487496
2018-04-20,0.0487686,0.0488114,0.0483185,0.0484308
2018-04-23,0.0484567,0.0484848,0.04798,0.0480192
2018-04-24,0.0480515,0.0481278,0.0479111,0.048107
2018-04-25,0.0480977,0.0481278,0.0477669,0.0477783
2018-04-26,0.0478057,0.0479409,0.0474766,0.0475805
2018-04-27,0.0475489,0.0476485,0.0473328,0.0476349
2018-04-30,0.0476485,0.0477008,0.0471698,0.0472099
2018-05-01,0.0472144,0.0472657,0.0466657,0.0467137
2018-05-02,0.0467639,0.047061,0.0466287,0.0466766
2018-05-03,0.046729,0.0470832,0.0466875,0.047061
2018-05-04,0.0470234,0.0470743,0.0467159,0.0469307
2018-05-07,0.0469947,0.0470301,0.0466374,0.0467268
2018-05-08,0.0467202,0.0468121,0.0463113,0.0464231
2018-05-09,0.0464511,0.0465549,0.0461808,0.0463542
2018-05-10,0.0463607,0.0468823,0.0463199,0.0468209
2018-05-11,0.0467792,0.0469594,0.0466657,0.0468757
2018-05-14,0.0468955,0.0470921,0.0467727,0.0467858
2018-05-15,0.0468077,0.0468604,0.0462022,0.0463199
2018-05-16,0.0463049,0.0465008,0.0460617,0.0463134
2018-05-17,0.046292,0.0464102,0.0460342,0.0461063
2018-05-18,0.0461318,0.046262,0.0458253,0.0458926
2018-05-21,0.0459474,0.0459728,0.0456663,0.0459327
2018-05-22,0.045939,0.046134,0.0457666,0.0459095
2018-05-23,0.0458968,0.0459327,0.0452407,0.045405
2018-05-24,0.0454318,0.0455934,0.045294,0.0454566
2018-05-25,0.0454794,0.0455145,0.045161,0.0453104
2018-05-28,0.045438,0.0456433,0.0451162,0.0451528
2018-05-29,0.0452386,0.045253,0.0444385,0.0445137
2018-05-30,0.0445256,0.0451916,0.0444227,0.0451447
2018-05-31,0.0451243,0.0455,0.0450552,0.0452878
2018-06-01,0.0453042,0.0454112,0.0451182,0.0451773
2018-06-04,0.045212,0.0457164,0.0451773,0.0455104
2018-06-05,0.0455581,0.0457875,0.045436,0.0457582
2018-06-06,0.0457687,0.0460172,0.0457226,0.0458821
2018-06-07,0.045861,0.0462107,0.0457666,0.0458631
2018-06-08,0.0458379,0.0458926,0.0454174,0.0456892
2018-06-11,0.0457206,0.0461042,0.045685,0.0459559
2018-06-12,0.0459791,0.0460936,0.0456955,0.0457582
2018-06-13,0.0457394,0.0459601,0.0456392,0.0459601
2018-06-14,0.0458926,0.0460766,0.0449055,0.0449055
2018-06-15,0.0449822,0.0452386,0.0447989,0.0451162
2018-06-18,0.0451977,0.0451977,0.0449458,0.0450897
2018-06-19,0.0450979,0.0451896,0.0446249,0.0448511
2018-06-20,0.044839,0.0449539,0.0447307,0.0448169
2018-06-21,0.0448009,0.0450288,0.0443656,0.0448833
2018-06-22,0.0449055,0.0453309,0.0448471,0.0451916
2018-06-25,0.0452284,0.0452837,0.0449378,0.04521
2018-06-26,0.0451834,0.0453022,0.0449055,0.0450005
2018-06-27,0.0449924,0.0452161,0.0444622,0.044607
2018-06-28,0.044607,0.0447127,0.0443498,0.044605
2018-06-29,0.0445931,0.0450187,0.0445673,0.0449822
2018-07-02,0.0449559,0.0450045,0.0444227,0.0446468
2018-07-03,0.0446688,0.0447708,0.0445573,0.0446528
2018-07-04,0.0446508,0.0448732,0.044619,0.0448169
2018-07-05,0.0447588,0.045212,0.0447467,0.0451427
2018-07-06,0.0450796,0.0454091,0.0450714,0.0453309
2018-07-09,0.0453844,0.0456267,0.0453453,0.0454628
2018-07-10,0.0454814,0.0455373,0.045106,0.0454897
2018-07-11,0.0454669,0.0454794,0.0449661,0.0450167
2018-07-12,0.0450288,0.0451596,0.0449004,0.0450235
2018-07-13,0.0450067,0.045117,0.0447924,0.0451101
2018-07-16,0.045106,0.0453077,0.0450914,0.0452851
2018-07-17,0.0452755,0.0454106,0.0450394,0.045095
2018-07-18,0.0450944,0.0451027,0.0448893,0.0450556
2018-07-19,0.0450621,0.0451007,0.0446818,0.0449137
2018-07-20,0.0449006,0.0453589,0.0448636,0.0453467
2018-07-23,0.0453032,0.0454281,0.0451547,0.0452571
2018-07-24,0.0453073,0.0456165,0.0451431,0.045511
2018-07-25,0.0455085,0.0457823,0.0453842,0.0457668
2018-07-26,0.0457486,0.045865,0.0453929,0.0453929
2018-07-27,0.0454172,0.0455216,0.0453258,0.0454719
2018-07-30,0.045516,0.0457798,0.0454368,0.0457312
2018-07-31,0.0457262,0.0459008,0.0456846,0.0457241
2018-08-01,0.0456928,0.0457434,0.0455656,0.045567
2018-08-02,0.0455716,0.0455969,0.0451312,0.0451349
2018-08-03,0.0451841,0.04527,0.0449897,0.0451473
2018-08-06,0.0450647,0.0451306,0.04496,0.0450769
2018-08-07,0.0450402,0.0453344,0.0450365,0.0453133
2018-08-08,0.0453089,0.0454422,0.0452413,0.0453529
2018-08-09,0.0453669,0.0453992,0.0450511,0.0450511
2018-08-10,0.0450542,0.045084,0.0443985,0.0444239
2018-08-13,0.0443689,0.0445454,0.0441862,0.0442801
2018-08-14,0.0443534,0.0445006,0.0440476,0.0441369
2018-08-15,0.0441573,0.0442139,0.0437917,0.0440383
2018-08-16,0.0440249,0.0443516,0.0440056,0.0441917
2018-08-17,0.0441901,0.0445351,0.0441649,0.0445341
2018-08-20,0.0445111,0.0446201,0.0443258,0.0446136
2018-08-21,0.0446383,0.0450617,0.044616,0.0449572
2018-08-22,0.0449557,0.0451696,0.044892,0.0450708
2018-08-23,0.0450765,0.0450934,0.0448067,0.0448453
2018-08-24,0.0448406,0.045181,0.0448324,0.045131
2018-08-27,0.0451186,0.0454858,0.0450359,0.0454341
2018-08-28,0.0454207,0.0456227,0.0453632,0.045481
2018-08-29,0.0454978,0.0455176,0.045255,0.0455069
2018-08-30,0.0454723,0.0455261,0.0452096,0.0452689
2018-08-31,0.0452757,0.0453912,0.0449559,0.0450171
2018-09-03,0.0450471,0.0451653,0.045,0.0451382
2018-09-04,0.0451259,0.0451384,0.0448053,0.0450083
2018-09-05,0.0450059,0.0452069,0.0448338,0.0451904
2018-09-06,0.0451979,0.0453061,0.0451025,0.0451873
2018-09-07,0.0451963,0.0453496,0.0449737,0.0450021
2018-09-10,0.0449612,0.0452886,0.0448686,0.0452118
2018-09-11,0.0452051,0.0454564,0.0451296,0.045255
2018-09-12,0.0452296,0.0455517,0.0451388,0.0454411
2018-09-13,0.0454469,0.045848,0.0453966,0.04581
2018-09-14,0.0458064,0.0459673,0.045645,0.045645
2018-09-17,0.0456544,0.0459565,0.0456321,0.0459185
2018-09-18,0.0459166,0.0460528,0.0458356,0.0458897
2018-09-19,0.0458964,0.0460571,0.0457404,0.0457593
2018-09-20,0.0457641,0.0461189,0.0457383,0.0460789
2018-09-21,0.0460696,0.0462208,0.045856,0.045897
2018-09-24,0.045909,0.0461148,0.0458018,0.0458821
2018-09-25,0.0458918,0.0460534,0.0458102,0.045955
2018-09-26,0.0459453,0.0460333,0.0456967,0.0457993
2018-09-27,0.0457987,0.0458453,0.0453221,0.0453328
2018-09-28,0.0453018,0.0453834,0.0449606,0.0450578
2018-10-01,0.0450621,0.045116,0.0447886,0.0448529
2018-10-02,0.0449242,0.0449242,0.0445034,0.0447577
2018-10-03,0.0447555,0.0449572,0.0446118,0.0446196
2018-10-04,0.0446361,0.0447351,0.0445048,0.0446476
2018-10-05,0.0446522,0.0448242,0.0445504,0.0447365
2018-10-08,0.0447489,0.0447543,0.0444826,0.0445754
2018-10-09,0.0445716,0.0446082,0.0442719,0.044522
2018-10-10,0.0445246,0.0446333,0.0444219,0.0444953
2018-10-11,0.0445331,0.0449254,0.0445331,0.0449024
2018-10-12,0.044891,0.0449697,0.0447285,0.0448005
2018-10-15,0.0448155,0.0449863,0.0447385,0.0448465
2018-10-16,0.0448529,0.0449938,0.0447944,0.0448197
2018-10-17,0.0448091,0.0448266,0.0444895,0.0444984
2018-10-18,0.0445143,0.0445867,0.0442339,0.0442482
2018-10-19,0.044284,0.044553,0.044212,0.0444972
2018-10-22,0.0445026,0.0446816,0.0443282,0.0443862
2018-10-23,0.0444075,0.0445742,0.0442889,0.0444959
2018-10-24,0.0445052,0.0445111,0.0440348,0.0440354
2018-10-25,0.0440606,0.0442568,0.0439163,0.0439754
2018-10-26,0.0439731,0.044193,0.04385,0.0441677
2018-10-29,0.0441591,0.0442075,0.0439385,0.0439474
2018-10-30,0.0439638,0.0439974,0.0437966,0.0438187
2018-10-31,0.0438133,0.0438377,0.0435844,0.0436178
2018-11-01,0.043627,0.0442259,0.0436161,0.0441515
2018-11-02,0.0441587,0.0444125,0.0440492,0.0441234
2018-11-05,0.0441458,0.0442537,0.0439576,0.044212
2018-11-06,0.044204,0.0442533,0.0440933,0.0441805
2018-11-07,0.0441577,0.0444709,0.0440834,0.0441472
2018-11-08,0.0441634,0.0442599,0.0438912,0.0439159
2018-11-09,0.0439134,0.0439298,0.0436237,0.0437071
2018-11-12,0.0436216,0.0436836,0.043255,0.0432659
2018-11-13,0.0433112,0.0435297,0.0432376,0.0435261
2018-11-14,0.0435186,0.043618,0.0433398,0.0434554
2018-11-15,0.0434949,0.0436876,0.0433785,0.0435559
2018-11-16,0.0435303,0.0439593,0.0435286,0.0439205
2018-11-19,0.0439292,0.0440447,0.0438375,0.0440073
2018-11-20,0.0440236,0.0440637,0.0436418,0.0436918
2018-11-21,0.0436761,0.0439188,0.043674,0.0437871
2018-11-22,0.0437782,0.0439673,0.0437782,0.0438679
2018-11-23,0.0438673,0.0439215,0.0436622,0.0437308
2018-11-26,0.0437332,0.043969,0.0436717,0.0436727
2018-11-27,0.043688,0.0437405,0.0434815,0.0435385
2018-11-28,0.0435449,0.0438677,0.0434111,0.0438281
2018-11-29,0.0438297,0.0439408,0.0437078,0.0438826
2018-11-30,0.0438652,0.0439093,0.0435081,0.0435576
2018-12-03,0.0436428,0.0438656,0.0436247,0.0437825
2018-12-04,0.0437842,0.044047,0.04367,0.0437325
2018-12-05,0.0437309,0.0438858,0.0436439,0.0437813
2018-12-06,0.0437865,0.0440302,0.0436996,0.043957
2018-12-07,0.0439425,0.0441489,0.0439095,0.0441188
2018-12-10,0.0440308,0.0442454,0.0438889,0.0439028
2018-12-11,0.043893,0.0440931,0.043717,0.0437725
2018-12-12,0.0437767,0.0440408,0.0437579,0.0439719
2018-12-13,0.0439976,0.0440944,0.0438912,0.0439943
2018-12-14,0.0439883,0.04405,0.0436843,0.0438254
2018-12-17,0.0438289,0.0440445,0.0438275,0.0440182
2018-12-18,0.0440197,0.0442541,0.0439897,0.0441322
2018-12-19,0.0441643,0.0444223,0.0441184,0.04418
2018-12-20,0.0441825,0.0445806,0.044178,0.0443736
2018-12-21,0.0444247,0.0445008,0.0439309,0.0439508
2018-12-24,0.0439671,0.0441827,0.0439671,0.0441102
2018-12-26,0.044068,0.0441448,0.043792,0.0438283
2018-12-27,0.0438481,0.0443575,0.0438241,0.0442304
2018-12-28,0.0442237,0.0445044,0.0442237,0.0444741
2018-12-31,0.0444251,0.0445973,0.0443518,0.0445925
2019-01-02,0.0445454,0.0446634,0.0439771,0.0440278
2019-01-03,0.0440131,0.0444585,0.043909,0.0443987
2019-01-04,0.0444286,0.0446524,0.0442725,0.0446104
2019-01-07,0.0446018,0.0449075,0.0445977,0.0448936
2019-01-08,0.0448718,0.0449166,0.044579,0.0446239
2019-01-09,0.0446397,0.0450727,0.0446349,0.0450394
2019-01-10,0.0450542,0.0451306,0.04492,0.0449656
2019-01-11,0.0449499,0.0450975,0.0447983,0.0448469
2019-01-14,0.0448539,0.0449222,0.0447676,0.0448914
2019-01-15,0.0448904,0.0449687,0.0445516,0.044679
2019-01-16,0.0446588,0.0446965,0.0445095,0.0446106
2019-01-17,0.0446225,0.0446628,0.0445147,0.0445963
2019-01-18,0.0445867,0.0446409,0.0443788,0.0444221
2019-01-21,0.0444446,0.0445127,0.0443642,0.0444391
2019-01-22,0.0444338,0.0444407,0.0442707,0.0443039
2019-01-23,0.0443321,0.044362,0.0441852,0.0442717
2019-01-24,0.0442852,0.0443518,0.0438854,0.0439412
2019-01-25,0.0439408,0.0444626,0.0439327,0.0444346
2019-01-28,0.0444521,0.0445228,0.0442901,0.0443512
2019-01-29,0.0443573,0.0444482,0.0442799,0.0443546
2019-01-30,0.0443758,0.0446389,0.0442198,0.0445379
2019-01-31,0.0445551,0.0447377,0.0444016,0.0444482
2019-02-01,0.0444383,0.0447319,0.0443908,0.044576
2019-02-04,0.0445504,0.0446026,0.0443884,0.0445149
2019-02-05,0.0445208,0.0445456,0.0443327,0.0443485
2019-02-06,0.0443496,0.0443658,0.0440385,0.0440385
2019-02-07,0.0440554,0.0440725,0.0438974,0.0439504
2019-02-08,0.0440023,0.0440023,0.0438291,0.0438316
2019-02-11,0.0438587,0.043882,0.0435489,0.043566
2019-02-12,0.0435992,0.0438458,0.0435646,0.0438003
2019-02-13,0.0438097,0.0439111,0.0436477,0.0436477
2019-02-14,0.0436161,0.0438322,0.0436142,0.0437974
2019-02-15,0.0438026,0.0440089,0.0436927,0.0440071
2019-02-18,0.0439754,0.0440948,0.0439352,0.0439781
2019-02-19,0.0439754,0.0442284,0.04384,0.0441665
2019-02-20,0.0441581,0.044316,0.0441193,0.0441942
2019-02-21,0.0442085,0.0443215,0.0441221,0.0441977
2019-02-22,0.0442237,0.0442678,0.0441104,0.0441774
2019-02-25,0.0441944,0.0443402,0.0441827,0.0442974
2019-02-26,0.0443017,0.0444666,0.0441782,0.0444356
2019-02-27,0.0444415,0.044465,0.044315,0.0443616
2019-02-28,0.0443459,0.0445929,0.0443335,0.0443668
2019-03-01,0.0443626,0.0444711,0.0442862,0.0443111
2019-03-04,0.0444052,0.0444085,0.0441082,0.044236
2019-03-05,0.0442294,0.044258,0.0440558,0.0441228
2019-03-06,0.0441044,0.0442492,0.044063,0.0441735
2019-03-07,0.0441803,0.0442157,0.0436047,0.043682
2019-03-08,0.0436662,0.043842,0.0436595,0.0437963
2019-03-11,0.0438235,0.0438797,0.0437313,0.0438518
2019-03-12,0.0439053,0.0440455,0.0438214,0.0439914
2019-03-13,0.0439961,0.0441704,0.0439354,0.0441378
2019-03-14,0.0441755,0.0441772,0.0440023,0.0440523
2019-03-15,0.0440503,0.0442106,0.0440408,0.0441889
2019-03-18,0.0443123,0.04432,0.0441322,0.044267
2019-03-19,0.0442609,0.0443733,0.0442484,0.0443052
2019-03-20,0.044317,0.0446383,0.0442053,0.0445428
2019-03-21,0.0445452,0.0445975,0.0441889,0.0443084
2019-03-22,0.0443274,0.0443876,0.04376,0.043871
2019-03-25,0.0438514,0.0440164,0.0438247,0.0439252
2019-03-26,0.043934,0.0439464,0.043753,0.0437677
2019-03-27,0.0438028,0.043812,0.0435694,0.043666
2019-03-28,0.0436506,0.0437141,0.0434528,0.0434853
2019-03-29,0.0434994,0.0435665,0.0434263,0.0434435
2019-04-01,0.0435254,0.043622,0.0434597,0.0435144
2019-04-02,0.0434603,0.0435352,0.0434135,0.0435322
2019-04-03,0.0435305,0.043821,0.0435252,0.043713
2019-04-04,0.043729,0.0437625,0.0436167,0.0437202
2019-04-05,0.0437208,0.0438729,0.0437176,0.0437436
2019-04-08,0.043743,0.0440137,0.0437331,0.043946
2019-04-09,0.0439489,0.0440356,0.0439226,0.0439398
2019-04-10,0.043947,0.0440663,0.0438758,0.0440474
2019-04-11,0.0440507,0.0440995,0.043924,0.0439404
2019-04-12,0.0439466,0.044196,0.0439454,0.0440966
2019-04-15,0.0441279,0.0441899,0.0440692,0.044094
2019-04-16,0.0440723,0.0441152,0.0439493,0.0439493
2019-04-17,0.0439576,0.044123,0.0439398,0.0440302
2019-04-18,0.0440306,0.0440519,0.0436866,0.0436985
2019-04-22,0.0437574,0.0438005,0.0437342,0.0437759
2019-04-23,0.043803,0.043803,0.0434934,0.0436196
2019-04-24,0.0436116,0.0436154,0.0432837,0.0433307
2019-04-25,0.0433411,0.0433565,0.0432092,0.0432816
2019-04-26,0.043282,0.0434911,0.0432633,0.0433866
2019-04-29,0.0433798,0.0435791,0.0433542,0.0435743
2019-04-30,0.0435445,0.0437859,0.0435305,0.043752
2019-05-01,0.0437453,0.0439385,0.0436687,0.0436857
2019-05-02,0.0437074,0.0437579,0.0434658,0.0434681
2019-05-03,0.0434681,0.04358,0.0433465,0.0435701
2019-05-06,0.0434917,0.0435861,0.0434641,0.0435432
2019-05-07,0.0435258,0.043623,0.0434026,0.0434875
2019-05-08,0.0435072,0.0436093,0.0434811,0.0434991
2019-05-09,0.0435108,0.0437025,0.0434305,0.0435625
2019-05-10,0.0435886,0.0437141,0.0435857,0.0436548
2019-05-13,0.0436506,0.0437002,0.0435343,0.0435622
2019-05-14,0.0435593,0.0436586,0.0435027,0.0435027
2019-05-15,0.0435027,0.0435772,0.0433841,0.0435487
2019-05-16,0.0435561,0.0436691,0.0434216,0.0434444
2019-05-17,0.0434611,0.0434764,0.0432975,0.0433028
2019-05-20,0.0433287,0.043339,0.0432655,0.0432861
2019-05-21,0.0433005,0.0433555,0.0432027,0.0433062
2019-05-22,0.0433082,0.0433401,0.0431967,0.0431967
2019-05-23,0.04321,0.0432809,0.0430337,0.0432388
2019-05-24,0.0432406,0.0433796,0.0432199,0.0433734
2019-05-27,0.0433939,0.0434069,0.0432936,0.0433065
2019-05-28,0.0432934,0.0433304,0.0431634,0.0431634
2019-05-29,0.0431801,0.043212,0.0430263,0.043045
2019-05-30,0.0430728,0.0431226,0.0430261,0.0430819
2019-05-31,0.043076,0.0432814,0.0430678,0.0432352
2019-06-03,0.043224,0.0436373,0.0431799,0.0435747
2019-06-04,0.0435696,0.0438178,0.0435618,0.0437809
2019-06-05,0.0437551,0.0440709,0.0437178,0.0437258
2019-06-06,0.0437411,0.0440808,0.0437132,0.04397
2019-06-07,0.0439996,0.0443207,0.0438539,0.0442492
2019-06-10,0.0442155,0.0442278,0.0440804,0.0441439
2019-06-11,0.0441478,0.0442717,0.0440882,0.0442149
2019-06-12,0.0442247,0.0442874,0.044104,0.0441104
2019-06-13,0.0441293,0.044172,0.0440758,0.0441267
2019-06-14,0.0441203,0.0441718,0.04387,0.0438723
2019-06-17,0.0438972,0.0439949,0.043857,0.0438766
2019-06-18,0.0438953,0.043968,0.0436607,0.0437199
2019-06-19,0.043716,0.0438766,0.0436784,0.0438099
2019-06-20,0.0438043,0.0441616,0.0438043,0.0441088
2019-06-21,0.0441139,0.0443957,0.0440624,0.0443892
2019-06-24,0.0443993,0.0445933,0.0443933,0.0445875
2019-06-25,0.0445549,0.0447151,0.0445186,0.0446423
2019-06-26,0.0446468,0.0447983,0.0445373,0.0447157
2019-06-27,0.0447181,0.0447359,0.0446287,0.0446786
2019-06-28,0.0446772,0.0447942,0.0446464,0.0447177
2019-07-01,0.0446947,0.0447139,0.0443274,0.0443374
2019-07-02,0.0443459,0.0444664,0.0443107,0.0443502
2019-07-03,0.0443587,0.0443971,0.0442923,0.0443286
2019-07-04,0.0443353,0.044391,0.0442911,0.0443074
2019-07-05,0.0443082,0.0443312,0.0439456,0.0440071
2019-07-08,0.0440306,0.0440791,0.0439061,0.0439385
2019-07-09,0.0439644,0.0439644,0.0438352,0.0438446
2019-07-10,0.0438843,0.0440087,0.0438306,0.043979
2019-07-11,0.0439872,0.0440834,0.0439246,0.0439572
2019-07-12,0.0439537,0.0440533,0.0439269,0.044035
2019-07-15,0.0440486,0.044082,0.0439611,0.0440009
2019-07-16,0.0440063,0.0440098,0.0437871,0.0438114
2019-07-17,0.0438208,0.0438516,0.043762,0.0438133
2019-07-18,0.0438164,0.0441581,0.0438093,0.0441491
2019-07-19,0.0441513,0.0441647,0.0439032,0.0439338
2019-07-22,0.043935,0.0439618,0.0438787,0.0438822
2019-07-23,0.0438856,0.043887,0.0436131,0.0436334
2019-07-24,0.043635,0.0436996,0.0435751,0.043684
2019-07-25,0.0436824,0.0437367,0.0435242,0.0436529
2019-07-26,0.0436533,0.0436891,0.0434698,0.0435123
2019-07-29,0.0435311,0.0435663,0.0433962,0.0434486
2019-07-30,0.0434439,0.0434887,0.0433968,0.0434698
2019-07-31,0.0434732,0.0434919,0.0430528,0.0431241
2019-08-01,0.0430979,0.0431042,0.0428299,0.0429623
2019-08-02,0.0429564,0.0431546,0.0429291,0.0431397
2019-08-05,0.0431313,0.0434543,0.0431233,0.0434033
2019-08-06,0.0434171,0.0435709,0.0433674,0.0435201
2019-08-07,0.0435235,0.0436386,0.0434435,0.0434692
2019-08-08,0.0434921,0.0435438,0.0433473,0.0433495
2019-08-09,0.0433698,0.0434254,0.0433255,0.0433614
2019-08-12,0.0433702,0.0434454,0.0431898,0.0433843
2019-08-13,0.0434047,0.0434688,0.0432384,0.0432417
2019-08-14,0.0432455,0.0432919,0.0430056,0.0430361
2019-08-15,0.0430775,0.0431053,0.0429116,0.0430106
2019-08-16,0.0429836,0.0431531,0.0429056,0.043088
2019-08-19,0.0430936,0.0431388,0.0429413,0.0429494
2019-08-20,0.042943,0.0430532,0.0428943,0.0430435
2019-08-21,0.0430491,0.0430591,0.042974,0.0429863
2019-08-22,0.0429934,0.0430598,0.0428934,0.0429729
2019-08-23,0.042976,0.0431369,0.042896,0.0430528
2019-08-26,0.0431352,0.0431598,0.0429958,0.0430344
2019-08-27,0.0430128,0.04311,0.0429024,0.0429166
2019-08-28,0.0429341,0.0429422,0.0427906,0.0428095
2019-08-29,0.0428271,0.0428612,0.042663,0.0427119
2019-08-30,0.0427091,0.0427102,0.0422529,0.0423488
2019-09-02,0.0423318,0.0423851,0.0422667,0.0423619
2019-09-03,0.0423653,0.042489,0.0422071,0.0424724
2019-09-04,0.0424645,0.0427153,0.0424355,0.0426741
2019-09-05,0.0426687,0.0428499,0.0426103,0.0427215
2019-09-06,0.0427137,0.0427645,0.0426423,0.0426818
2019-09-09,0.0426596,0.0427994,0.042606,0.0427243
2019-09-10,0.042736,0.0427689,0.0426523,0.0427115
2019-09-11,0.0427263,0.0427367,0.0424436,0.0425226
2019-09-12,0.042536,0.0428486,0.0423139,0.0428236
2019-09-13,0.0428209,0.042976,0.0427837,0.04283
2019-09-16,0.0428385,0.0428767,0.0425058,0.0425526
2019-09-17,0.0425391,0.0427493,0.0424845,0.0427422
2019-09-18,0.0427486,0.042774,0.0425686,0.0426207
2019-09-19,0.0426321,0.0427548,0.042586,0.0426308
2019-09-20,0.0426396,0.0427224,0.0424794,0.042606
2019-09-23,0.042588,0.0426585,0.0423451,0.042474
2019-09-24,0.0424856,0.0426196,0.0424257,0.0426196
2019-09-25,0.0425983,0.0425983,0.0424421,0.0424796
2019-09-26,0.0424679,0.0425702,0.0422299,0.0422554
2019-09-27,0.0422745,0.0423808,0.0422158,0.0423271
2019-09-30,0.0423404,0.0423472,0.0421879,0.0422577
2019-10-01,0.0422444,0.0424207,0.0421574,0.0424049
2019-10-02,0.0424036,0.0425204,0.0423533,0.042506
2019-10-03,0.042513,0.0427721,0.0424387,0.0426396
2019-10-04,0.0426645,0.0427117,0.0425853,0.042665
2019-10-07,0.0426758,0.0426996,0.0425516,0.0425644
2019-10-08,0.0425651,0.0426256,0.0424088,0.042485
2019-10-09,0.0424771,0.0426021,0.0424481,0.0425119
2019-10-10,0.0425065,0.0426798,0.0425065,0.0426161
2019-10-11,0.0425971,0.0428748,0.0425762,0.0428005
2019-10-14,0.0427826,0.0427881,0.0426294,0.0426851
2019-10-15,0.0426796,0.0428319,0.0425675,0.0427934
2019-10-16,0.042789,0.0430545,0.042755,0.0429876
2019-10-17,0.0429882,0.043343,0.0429336,0.043261
2019-10-18,0.0432891,0.0435825,0.0432214,0.0435637
2019-10-21,0.0435191,0.0436249,0.0434826,0.04358
2019-10-22,0.0435785,0.0436205,0.0435034,0.0435265
2019-10-23,0.0435144,0.0435386,0.0433071,0.0434739
2019-10-24,0.0434767,0.0435882,0.0433428,0.0433623
2019-10-25,0.0433757,0.043458,0.0433307,0.0433578
2019-10-28,0.0433665,0.0435586,0.0433514,0.0434968
2019-10-29,0.0434853,0.0435261,0.0433058,0.0434991
2019-10-30,0.0435049,0.0437126,0.0434471,0.0436861
2019-10-31,0.043688,0.0438245,0.0436473,0.0437072
2019-11-01,0.043709,0.0437926,0.0436409,0.0437696
2019-11-04,0.0437455,0.0438078,0.0435627,0.0435781
2019-11-05,0.0435648,0.0436601,0.0433456,0.0434175
2019-11-06,0.0434026,0.0435008,0.0433287,0.0433383
2019-11-07,0.0433651,0.0434735,0.0432578,0.0432764
2019-11-08,0.043296,0.043305,0.0432085,0.0432361
2019-11-11,0.0432356,0.0432874,0.043213,0.0432608
2019-11-12,0.0432532,0.0432762,0.0430672,0.043071
2019-11-13,0.0431018,0.0431245,0.0429729,0.0430426
2019-11-14,0.0430465,0.0431046,0.0429764,0.0430598
2019-11-15,0.0430968,0.0432169,0.0430113,0.0432016
2019-11-18,0.0431969,0.0433398,0.0431708,0.043291
2019-11-19,0.0432989,0.0433681,0.0432616,0.0433565
2019-11-20,0.0433493,0.0433913,0.0432541,0.0433834
2019-11-21,0.0433922,0.0435036,0.0432693,0.0432968
2019-11-22,0.0433193,0.0434335,0.043227,0.0432416
2019-11-25,0.0432249,0.0433082,0.0431477,0.0431736
2019-11-26,0.0431908,0.0432281,0.0431583,0.043213
2019-11-27,0.0432147,0.0432255,0.0430465,0.0430934
2019-11-28,0.0431137,0.0431306,0.043017,0.0430615
2019-11-29,0.0430613,0.0431805,0.0430396,0.0431178
2019-12-02,0.0431483,0.0434105,0.0430763,0.0433646
2019-12-03,0.0433525,0.0434543,0.043294,0.0434105
2019-12-04,0.0434169,0.043518,0.043303,0.0433426
2019-12-05,0.0433745,0.0435157,0.0433565,0.0434639
2019-12-06,0.0434673,0.0435049,0.043227,0.0433428
2019-12-09,0.0433007,0.0434069,0.0432983,0.0433409
2019-12-10,0.0433478,0.0434966,0.0433411,0.0434516
2019-12-11,0.0434477,0.0436832,0.043373,0.0436277
2019-12-12,0.0436426,0.0437036,0.0434894,0.0436173
2019-12-13,0.0438168,0.0438445,0.0435874,0.043607
2019-12-16,0.0436546,0.0438397,0.0436352,0.0438141
2019-12-17,0.0437846,0.0439016,0.0436895,0.043832
2019-12-18,0.0438458,0.0438458,0.0435699,0.0436051
2019-12-19,0.0436361,0.043775,0.0436129,0.0437441
2019-12-20,0.0437796,0.0437796,0.0435078,0.0435205
2019-12-23,0.0435422,0.0435675,0.0433704,0.0435076
2019-12-24,0.0434966,0.0435282,0.0433964,0.0434199
2019-12-26,0.0434824,0.0436494,0.0434777,0.0435924
2019-12-27,0.0435445,0.0439091,0.0435445,0.0438689
2019-12-30,0.0439375,0.0441454,0.0439009,0.0440754
2019-12-31,0.0440835,0.0442292,0.0440787,0.0441077
